Si. No (Col. 1),Category ,State/UT (Col. 2),2018 - (Col. 3),Note of 2018 - (Col. 3),2019 - (Col. 4),Note of 2019 - (Col. 4),2020 - (Col. 5),Chargesheeting Rate (2020) - (Col. 6)
1,State,Andhra Pradesh,3,NA,9,NA,0,0
2,State,Arunachal Pradesh,0,NA,0,NA,0,NA
3,State,Assam,7,NA,15,NA,4,75
4,State,Bihar,0,NA,1,NA,0,NA
5,State,Chhattisgarh,0,NA,0,NA,1,100
6,State,Goa,34,NA,21,NA,11,76.9
7,State,Gujarat,3,NA,5,NA,3,50
8,State,Haryana,8,NA,19,NA,4,66.7
9,State,Himachal Pradesh,8,NA,6,NA,2,100
10,State,Jharkhand,0,NA,3,NA,0,NA
11,State,Karnataka,28,NA,46,NA,19,74.2
12,State,Kerala,10,NA,15,NA,7,100
13,State,Madhya Pradesh,6,NA,13,NA,3,60
14,State,Maharashtra,63,NA,48,NA,24,43.3
15,State,Manipur,0,NA,0,NA,0,NA
16,State,Meghalaya,0,NA,0,NA,0,NA
17,State,Mizoram,1,NA,1,NA,0,NA
18,State,Nagaland,0,NA,0,NA,0,NA
19,State,Odisha,0,NA,0,NA,0,NA
20,State,Punjab,5,NA,10,NA,1,0
21,State,Rajasthan,21,NA,16,NA,4,50
22,State,Sikkim,0,NA,0,NA,0,NA
23,State,Tamil Nadu,51,NA,23,NA,28,92.3
24,State,Telangana,5,NA,2,NA,7,100
25,State,Tripura,0,NA,0,NA,0,NA
26,State,Uttar Pradesh,62,NA,21,NA,5,40
27,State,Uttarakhand,2,NA,2,NA,4,100
28,State,West Bengal,6,NA,1,NA,0,NA
Total State(s),Total State(s),Total State(s),323,NA,277,NA,127,63
29,Union Territories,A & N Islands,3,NA,3,NA,0,100
30,Union Territories,Chandigarh,2,NA,0,NA,1,100
31,Union Territories,D & N Haveli and Daman & Diu,0, +,0, +,0,NA
32,Union Territories,Delhi,189,NA,123,NA,62,29.3
33,Union Territories,Jammu & Kashmir,0,*,1,*,1,NA
34,Union Territories,Ladakh,NA,NA,NA,NA,0,NA
35,Union Territories,Lakshadweep,0,NA,0,NA,0,NA
36,Union Territories,Puducherry,0,NA,0,NA,0,NA
Total UT(s),Total UT(s),Total UT(s),194,NA,127,NA,64,32.8
Total All India,Total All India,Total All India,517,NA,404,NA,191,54.1
