Category,State/UT ,2017,2018,2019,% of State Share to Total Crimes - 2019
State,Andhra Pradesh,3,3,9,2.2
State,Arunachal Pradesh,0,0,0,0.0
State,Assam,2,7,15,3.7
State,Bihar,9,0,1,0.2
State,Chhattisgarh,1,0,0,0.0
State,Goa,28,34,21,5.1
State,Gujarat,4,3,5,1.2
State,Haryana,10,8,19,4.6
State,Himachal Pradesh,4,8,6,1.5
State,Jammu & Kashmir,0,0,1,0.2
State,Jharkhand,0,0,3,0.7
State,Karnataka,30,28,46,11.2
State,Kerala,19,10,15,3.7
State,Madhya Pradesh,5,6,13,3.2
State,Maharashtra,61,63,48,11.7
State,Manipur,0,0,0,0.0
State,Meghalaya,0,0,0,0.0
State,Mizoram,1,1,1,0.2
State,Nagaland,0,0,0,0.0
State,Odisha,0,0,0,0.0
State,Punjab,11,5,10,2.4
State,Rajasthan,19,21,16,3.9
State,Sikkim,0,0,0,0.0
State,Tamil Nadu,43,51,23,5.6
State,Telangana,7,5,2,0.5
State,Tripura,0,0,0,0.0
State,Uttar Pradesh,39,62,21,5.1
State,Uttarakhand,5,2,2,0.5
State,West Bengal,21,6,6,1.5
State,TOTAL STATE(S) ,322,323,283,69.2
UT,A & N Islands,0,3,3,0.7
UT,Chandigarh,1,2,0,0.0
UT,D & N Haveli,0,0,0,0.0
UT,Daman & Diu,0,0,0,0.0
UT,Delhi UT,169,189,123,30.1
UT,Lakshadweep,0,0,0,0.0
UT,Puducherry,0,0,0,0.0
UT,TOTAL UT(S) ,170,194,126,30.8
Grand Total,TOTAL ALL INDIA ,492,517,409,100.0
