S. No.,Category,State/UT,2016,2017,2018,% of State Share to Total Crimes - 2018
1,State,Andhra Pradesh,5,3,3,0.6
2,State,Arunachal Pradesh,0,0,0,0
3,State,Assam,0,2,7,1.4
4,State,Bihar,10,9,0,0
5,State,Chhattisgarh,0,1,0,0
6,State,Goa,22,28,34,6.6
7,State,Gujarat,2,4,3,0.6
8,State,Haryana,8,10,8,1.5
9,State,Himachal Pradesh,4,4,8,1.5
10,State,Jammu & Kashmir,0,0,0,0
11,State,Jharkhand,2,0,0,0
12,State,Karnataka,12,30,28,5.4
13,State,Kerala,15,19,10,1.9
14,State,Madhya Pradesh,2,5,6,1.2
15,State,Maharashtra,38,61,63,12.2
16,State,Manipur,0,0,0,0
17,State,Meghalaya,0,0,0,0
18,State,Mizoram,0,1,1,0.2
19,State,Nagaland,0,0,0,0
20,State,Odisha,1,0,0,0
21,State,Punjab,9,11,5,1
22,State,Rajasthan,25,19,21,4.1
23,State,Sikkim,0,0,0,0
24,State,Tamil Nadu,24,43,51,9.9
25,State,Telangana,4,7,5,1
26,State,Tripura,0,0,0,0
27,State,Uttar Pradesh,6,39,62,12
28,State,Uttarakhand,0,5,2,0.4
29,State,West Bengal,2,21,6,1.2
State,State,Total State(s),191,322,323,62.5
30,Union Territory,A & N Islands,0,0,3,0.6
31,Union Territory,Chandigarh,4,1,2,0.4
32,Union Territory,D&N Haveli,0,0,0,0
33,Union Territory,Daman & Diu,0,0,0,0
34,Union Territory,Delhi UT,154,169,189,36.6
35,Union Territory,Lakshadweep,0,0,0,0
36,Union Territory,Puducherry,33,0,0,0
Union Territory,Union Territory,Total UT(s),191,170,194,37.5
Total All India,Total All India,Total All India,382,492,517,100
