Sl. No.,State/UT,2019,2020,2021,Chargesheeting Rate (2021)
1,Andhra Pradesh,9,0,0,100
2,Arunachal Pradesh,0,0,0,NA
3,Assam,15,4,0,NA
4,Bihar,1,0,0,NA
5,Chhattisgarh,0,1,0,NA
6,Goa,21,11,10,80
7,Gujarat,5,3,1,100
8,Haryana,19,4,6,83.3
9,Himachal Pradesh,6,2,10,80
10,Jharkhand,3,0,1,100
11,Karnataka,46,19,27,80.8
12,Kerala,15,7,15,100
13,Madhya Pradesh,13,3,6,16.7
14,Maharashtra,48,24,8,57.1
15,Manipur,0,0,0,NA
16,Meghalaya,0,0,0,NA
17,Mizoram,1,0,1,100
18,Nagaland,0,0,0,NA
19,Odisha,0,0,0,NA
20,Punjab,10,1,1,66.7
21,Rajasthan,16,4,2,66.7
22,Sikkim,0,0,1,NA
23,Tamil Nadu,23,28,16,86.7
24,Telangana,2,7,15,80
25,Tripura,0,0,0,NA
26,Uttar Pradesh,21,5,0,NA
27,Uttarakhand,2,4,1,100
28,West Bengal,1,0,0,NA
Total State (S),Total State (S),277,127,121,76.8
29,Andaman and Nicobar Islands,3,0,0,100
30,Chandigarh,0,1,2,100
31,Dadra and Nagar Haveli and Daman and Diu,0,0,0,NA
32,Delhi,123,62,27,51.5
33,Jammu and Kashmir,1,1,0,NA
34,Ladakh,NA,0,0,NA
35,Lakshadweep,0,0,0,NA
36,Puducherry,0,0,0,NA
Total UT (S),Total UT (S),127,64,29,54.3
Total All India,Total All India,404,191,150,71.4
