S. No.,Category,State/UT,2015,2016,2017,% of State Share to Total Crimes - 2017
1,State,Andhra Pradesh,1,5,3,0.6
2,State,Arunachal Pradesh,0,0,0,0
3,State,Assam,0,0,2,0.4
4,State,Bihar,0,10,9,1.8
5,State,Chhattisgarh,0,0,1,0.2
6,State,Goa,30,22,28,5.7
7,State,Gujarat,2,2,4,0.8
8,State,Haryana,15,8,10,2
9,State,Himachal Pradesh,1,4,4,0.8
10,State,Jammu & Kashmir,0,0,0,0
11,State,Jharkhand,0,2,0,0
12,State,Karnataka,22,12,30,6.1
13,State,Kerala,9,15,19,3.9
14,State,Madhya Pradesh,1,2,5,1
15,State,Maharashtra,53,38,61,12.4
16,State,Manipur,0,0,0,0
17,State,Meghalaya,0,0,0,0
18,State,Mizoram,2,0,1,0.2
19,State,Nagaland,0,0,0,0
20,State,Odisha,2,1,0,0
21,State,Punjab,13,9,11,2.2
22,State,Rajasthan,24,25,19,3.9
23,State,Sikkim,0,0,0,0
24,State,Tamil Nadu,7,24,43,8.7
25,State,Telangana,1,4,7,1.4
26,State,Tripura,0,0,0,0
27,State,Uttar Pradesh,33,6,39,7.9
28,State,Uttarakhand,0,0,5,1
29,State,West Bengal,2,2,21,4.3
State,State,Total State(s),218,191,322,65.4
30,Union Territory,A & N Islands,0,0,0,0
31,Union Territory,Chandigarh,0,4,1,0.2
32,Union Territory,D&N Haveli,0,0,0,0
33,Union Territory,Daman & Diu,0,0,0,0
34,Union Territory,Delhi UT,147,154,169,34.3
35,Union Territory,Lakshadweep,0,0,0,0
36,Union Territory,Puducherry,0,33,0,0
Union Territory,Union Territory,Total UT(s),147,191,170,34.6
Total All India,Total All India,Total All India,365,382,492,100
