Sl. No. Col. (1),Crime Head Col. (2),Cases Pending Trial from the Previous Year - Col. (3),Cases Sent for Trial during the year - Col. (4),Total Cases for Trial (Col.3+Col.4) - Col. (5),Cases Abated by Court - Col. (6),Cases Withdrawn from Prosecution - Col. (7),Cases Compounded or Compromised - Col. (8),Cases Disposed off by Plea Bargaining - Col. (9),Cases Quashed - Col. (10),Cases Disposed off without trial (Col.6+Col.7+Col.8+Col.9+Col.10) - Col. (11),Cases Stayed or Sent to Record Room - Col. (12),Cases Convicted Out of Cases from Previous Year - Col. (13),Cases Convicted Out of Cases during the Year - Col. (14),Cases Convicted (Col.13+Col.14) - Col. (15),Cases Discharged - Col. (16),Cases Acquitted - Col. (17),Cases which Trials were Completed (Col.15+Col.16+Col.17) - Col. (18),Cases Disposed off by Courts (Col.11+Col.18) - Col. (19),Cases Pending Trial at End of the Year (Col.5-Col.19) - Col. (20),Conviction Rate (Col.15/Col.18)*100 - Col. (21),Pendency Percentage (Col.20/Col.5)*100 - Col. (22)
1.1,Murder,29,5,34,0,0,0,0,0,0,0,0,0,0,0,0,0,0,34,NA,100
1.2,Culpable Homicide not amounting to Murder,3,1,4,0,0,0,0,0,0,0,0,0,0,0,0,0,0,4,NA,100
1.3,Attempt to Commit Murder/Culpable Homicide,15,1,16,0,0,0,0,0,0,0,0,0,0,0,0,0,0,16,NA,100
1.4,Simple Hurt,13,1,14,0,0,0,0,0,0,0,0,0,0,0,0,0,0,14,NA,100
1.5,Grievous Hurt,6,1,7,0,0,0,0,0,0,0,0,0,0,0,0,0,0,7,NA,100
1.6,Assault on Women with Intent to Outrage her Modesty,94,4,98,1,0,0,0,0,1,0,0,0,0,0,1,1,2,96,0,98
1.7,Kidnapping and Abduction,4,0,4,0,0,0,0,0,0,0,0,0,0,0,0,0,0,4,NA,100
1.8,Human Trafficking,20,4,24,0,0,0,0,0,0,0,0,0,0,0,0,0,0,24,NA,100
1.9,Rape,76,4,80,0,0,0,0,0,0,0,0,0,0,1,0,1,1,79,0,98.8
1.1,Theft,96,2,98,2,0,0,0,0,2,0,0,0,0,0,0,0,2,96,NA,98
1.11,Extortion,1,0,1,0,0,0,0,0,0,0,0,0,0,0,0,0,0,1,NA,100
1.12,Robbery,40,5,45,0,0,0,0,0,0,0,0,0,0,0,0,0,0,45,NA,100
1.13,Dacoity,3,1,4,0,0,0,0,0,0,0,0,0,0,0,0,0,0,4,NA,100
1.14,Cheating,16,4,20,0,0,0,0,0,0,0,0,0,0,0,0,0,0,20,NA,100
1.15,Forgery,24,0,24,0,0,0,0,0,0,0,0,0,0,0,0,0,0,24,NA,100
1.16,Insult to the Modesty of Women,5,0,5,0,0,0,0,0,0,0,0,0,0,0,0,0,0,5,NA,100
1.17,Other IPC Crimes,98,9,107,0,0,0,0,0,0,0,1,3,4,0,0,4,4,103,100,96.3
1.18,Immoral Traffic (Prevention) Act,16,4,20,0,0,0,0,0,0,0,0,0,0,0,0,0,0,20,NA,100
1.19,Other SLL Crimes,11,4,15,0,0,0,0,0,0,0,1,2,3,0,0,3,3,12,100,80
Total Crimes against Tourist Foreigners,Total Crimes against Tourist Foreigners,570,50,620,3,0,0,0,0,3,0,2,5,7,1,1,9,12,608,77.8,98.1
2.1,Murder,21,4,25,0,0,0,0,0,0,0,0,0,0,0,0,0,0,25,NA,100
2.2,Culpable Homicide not amounting to Murder,2,0,2,0,0,0,0,0,0,0,0,0,0,0,0,0,0,2,NA,100
2.3,Attempt to Commit Murder/Culpable Homicide,8,1,9,0,0,0,0,0,0,0,0,0,0,0,0,0,0,9,NA,100
2.4,Simple Hurt,24,1,25,0,0,0,0,0,0,0,2,0,2,0,4,6,6,19,33.3,76
2.5,Grievous Hurt,4,1,5,0,0,0,0,0,0,0,0,0,0,0,1,1,1,4,0,80
2.6,Assault on Women with Intent to Outrage her Modesty,28,7,35,0,0,0,0,0,0,1,0,0,0,0,0,0,0,35,NA,100
2.7,Kidnapping and Abduction,6,1,7,0,0,0,0,0,0,0,0,0,0,0,0,0,0,7,NA,100
2.8,Human Trafficking,12,2,14,0,0,0,0,0,0,0,0,0,0,0,0,0,0,14,NA,100
2.9,Rape,23,6,29,0,0,0,0,0,0,0,0,0,0,0,0,0,0,29,NA,100
2.1,Theft,11,2,13,0,0,0,0,0,0,0,0,0,0,0,1,1,1,12,0,92.3
2.11,Extortion,2,0,2,0,0,0,0,0,0,0,0,0,0,0,0,0,0,2,NA,100
2.12,Robbery,6,1,7,0,0,0,0,0,0,0,0,0,0,0,0,0,0,7,NA,100
2.13,Dacoity,2,1,3,0,0,0,0,0,0,0,0,0,0,0,0,0,0,3,NA,100
2.14,Cheating,12,6,18,0,0,0,0,0,0,0,0,0,0,0,0,0,0,18,NA,100
2.15,Forgery,14,0,14,0,0,0,0,0,0,0,0,0,0,0,0,0,0,14,NA,100
2.16,Insult to the Modesty of Women,3,0,3,0,0,0,0,0,0,0,0,0,0,0,0,0,0,3,NA,100
2.17,Other IPC Crimes,50,5,55,0,0,0,0,0,0,0,3,0,3,0,0,3,3,52,100,94.5
2.18,Immoral Traffic (Prevention) Act,18,5,23,0,0,0,0,0,0,0,0,0,0,0,0,0,0,23,NA,100
2.19,Other SLL Crimes,43,12,55,1,0,0,0,0,1,0,1,0,1,1,0,2,3,52,50,94.5
Total Crimes against Other Foreigners,Total Crimes against Other Foreigners,289,55,344,1,0,0,0,0,1,1,6,0,6,1,6,13,14,330,46.2,95.9
Total Crimes against Foreigners,Total Crimes against Foreigners,859,105,964,4,0,0,0,0,4,1,8,5,13,2,7,22,26,938,59.1,97.3
