S. No. (Col.1),Category (Col.2),Crime Head (Col.3),Cases Pending Trial from the Previous Year (Col.4),Cases Sent for Trial during the year (Col.5),Total Cases for Trial (Col.6=Col.4+ Col.5),Cases Abated by Court (Col.7),Cases Withdrawn from Prosecution (Col.8),Cases Compounded or Compromised (Col.9),Cases Disposed off by Plea Bargaining (Col.10),Cases Quashed (Col.11),Cases Disposed off Without Trial (Col.12=Col.7+ Col.8+ Col.9+ Col.10+ Col.11),Cases Stayed or Sent to Record Room (Col.13),Cases Convicted Out of Cases from Previous Year (Col.14),Cases Convicted Out of Cases during the Year (Col.15),Cases Convicted (Col.16=Col.14+ Col.15),Cases Discharged (Col.17),Cases Acquitted (Col.18),Cases in which Trials were Completed (Col.19=Col.16+ Col.17+ Col.18),Cases Disposed off by Courts (Col.20=Col.12+ Col.19),Cases Pending Trial at End of the Year (Col.21=Col.6 - Col.20),Conviction Rate (Col.22=Col.16/ Col.19) *100,Pendency Percentage (Col.23=Col.21/ Col.6) *100
1.1,Crimes against Tourist Foreigners,Murder,19,6,25,0,0,0,0,0,0,0,1,0,1,0,2,3,3,22,33.3,88
1.2,Crimes against Tourist Foreigners,Culpable Homicide not amounting to Murder,3,0,3,0,0,0,0,0,0,0,0,0,0,0,0,0,0,3,NA,100
1.3,Crimes against Tourist Foreigners,Attempt to Commit Murder/Culpable Homicide,5,2,7,0,0,0,0,0,0,0,0,0,0,0,1,1,1,6,0,85.7
1.4,Crimes against Tourist Foreigners,Simple Hurt,5,4,9,0,0,1,0,0,1,0,0,0,0,0,0,0,1,8,NA,88.9
1.5,Crimes against Tourist Foreigners,Grievous Hurt,5,0,5,0,0,0,0,0,0,0,0,0,0,0,0,0,0,5,NA,100
1.6,Crimes against Tourist Foreigners,Assault on Women with Intent to Outrage her Modesty,53,29,82,0,0,0,0,0,0,0,0,0,0,0,2,2,2,80,0,97.6
1.7,Crimes against Tourist Foreigners,Kidnapping and Abduction,0,2,2,0,0,0,0,0,0,0,0,0,0,0,0,0,0,2,NA,100
1.8,Crimes against Tourist Foreigners,Human Trafficking,1,7,8,0,0,0,0,0,0,0,0,0,0,0,0,0,0,8,NA,100
1.9,Crimes against Tourist Foreigners,Rape,40,15,55,0,0,0,0,0,0,0,0,0,0,0,0,0,0,55,NA,100
1.1,Crimes against Tourist Foreigners,Theft,84,49,133,0,0,0,0,0,0,0,1,3,4,0,0,4,4,129,100,97
1.11,Crimes against Tourist Foreigners,Extortion,0,0,0,0,0,0,0,0,0,0,0,0,0,0,0,0,0,0,NA,NA
1.12,Crimes against Tourist Foreigners,Robbery,35,4,39,0,0,0,0,0,0,0,0,0,0,0,1,1,1,38,0,97.4
1.13,Crimes against Tourist Foreigners,Dacoity,2,1,3,0,0,0,0,0,0,0,0,0,0,0,0,0,0,3,NA,100
1.14,Crimes against Tourist Foreigners,Cheating,9,7,16,0,0,0,0,0,0,0,0,0,0,0,0,0,0,16,NA,100
1.15,Crimes against Tourist Foreigners,Forgery,20,0,20,0,0,0,0,0,0,0,0,0,0,0,0,0,0,20,NA,100
1.16,Crimes against Tourist Foreigners,Insult to the Modesty of Women,3,2,5,0,0,0,0,0,0,0,0,0,0,0,0,0,0,5,NA,100
1.17,Crimes against Tourist Foreigners,Other IPC Crimes,104,18,122,0,0,1,0,0,1,0,0,3,3,0,3,6,7,115,50,94.3
1.18,Crimes against Tourist Foreigners,Immoral Traffic (Prevention) Act,9,5,14,0,0,0,0,0,0,0,0,0,0,0,1,1,1,13,0,92.9
1.19,Crimes against Tourist Foreigners,Other SLL Crimes,22,7,29,0,0,0,0,0,0,0,0,3,3,0,0,3,3,26,100,89.7
Total,Crimes against Tourist Foreigners,Total Crimes against Tourist Foreigners,419,158,577,0,0,2,0,0,2,0,2,9,11,0,10,21,23,554,52.4,96
2.1,Crimes against Other Foreigners,Murder,11,2,13,0,0,0,0,0,0,0,1,0,1,0,0,1,1,12,100,92.3
2.2,Crimes against Other Foreigners,Culpable Homicide not amounting to Murder,1,1,2,0,0,0,0,0,0,0,0,0,0,0,0,0,0,2,NA,100
2.3,Crimes against Other Foreigners,Attempt to Commit Murder/Culpable Homicide,5,0,5,0,0,0,0,0,0,0,0,0,0,0,0,0,0,5,NA,100
2.4,Crimes against Other Foreigners,Simple Hurt,7,21,28,0,0,0,0,0,0,0,0,13,13,0,0,13,13,15,100,53.6
2.5,Crimes against Other Foreigners,Grievous Hurt,3,0,3,0,0,0,0,0,0,0,0,0,0,0,0,0,0,3,NA,100
2.6,Crimes against Other Foreigners,Assault on Women with Intent to Outrage her Modesty,11,10,21,0,0,0,0,0,0,0,0,0,0,0,0,0,0,21,NA,100
2.7,Crimes against Other Foreigners,Kidnapping and Abduction,3,2,5,0,0,0,0,0,0,0,0,0,0,0,1,1,1,4,0,80
2.8,Crimes against Other Foreigners,Human Trafficking,3,1,4,0,0,0,0,0,0,0,0,0,0,0,0,0,0,4,NA,100
2.9,Crimes against Other Foreigners,Rape,14,7,21,0,0,0,0,0,0,0,0,0,0,0,0,0,0,21,NA,100
2.1,Crimes against Other Foreigners,Theft,8,2,10,0,0,0,0,0,0,0,1,0,1,0,0,1,1,9,100,90
2.11,Crimes against Other Foreigners,Extortion,2,0,2,0,0,0,0,0,0,0,0,0,0,0,0,0,0,2,NA,100
2.12,Crimes against Other Foreigners,Robbery,2,0,2,0,0,0,0,0,0,0,0,0,0,0,0,0,0,2,NA,100
2.13,Crimes against Other Foreigners,Dacoity,1,0,1,0,0,0,0,0,0,0,0,0,0,0,0,0,0,1,NA,100
2.14,Crimes against Other Foreigners,Cheating,6,5,11,0,0,0,0,0,0,0,0,0,0,0,0,0,0,11,NA,100
2.15,Crimes against Other Foreigners,Forgery,13,1,14,0,0,0,0,0,0,0,0,0,0,0,0,0,0,14,NA,100
2.16,Crimes against Other Foreigners,Insult to the Modesty of Women,3,0,3,0,0,0,0,0,0,0,0,0,0,0,0,0,0,3,NA,100
2.17,Crimes against Other Foreigners,Other IPC Crimes,35,7,42,0,0,0,0,0,0,0,0,1,1,0,0,1,1,41,100,97.6
2.18,Crimes against Other Foreigners,Immoral Traffic (Prevention) Act,5,4,9,0,0,0,0,0,0,0,0,0,0,0,0,0,0,9,NA,100
2.19,Crimes against Other Foreigners,Other SLL Crimes,18,15,33,0,0,0,0,0,0,0,4,0,4,0,4,8,8,25,50,75.8
Total,Crimes against Other Foreigners,Total Crimes against Other Foreigners,151,78,229,0,0,0,0,0,0,0,6,14,20,0,5,25,25,204,80,89.1
Grand Total,Total Crimes against Foreigners,Total Crimes against Foreigners,570,236,806,0,0,2,0,0,2,0,8,23,31,0,15,46,48,758,67.39130435,94
