S. No (Col.1),Category (Col.2),Crime Head (Col.3),Cases Pending Investigation from Previous Year (Col.4),Cases Reported during the year (Col.5),Cases Reopened for Investigation (Col.6),Total Cases for Investigation (Col.7=Col.4+ Col.5+ Col.6),Cases Not Investigated Under 157_1_b CRPC (Col.8),Cases Transferred to other State or Agency (Col.9),Cases Withdrawn by the Govt during Investigation (Col.10),Final Report - Cases Ended as FR Non Cognizable (Col.11),Final Report - Cases Ended as Final Report False (Col.12),Final Report - Cases Ended as Mistake of Fact or of Law or Civil Dispute (Col.13),Final Report - Cases True but Insufficient Evidence or Untraced or No Clue (Col.14),Final Report - Cases Abated during Investigation (Col.15),Final Report - Total (Col.16=Col.11+ Col.12+ Col.13+ Col.14+ Col.15),Chargesheets Submitted - Cases Chargesheeted Out of Cases from Previous Year (Col.17),Chargesheets Submitted - Cases Chargesheeted Out of Cases during the Year (Col.18),Chargesheets Submitted - Cases Chargesheeted (Col.19=Col.17+ Col.18),Total Cases Disposed Off by Police (Col.20=Col.8+ Col.9+ Col.16+ Col.19),Cases Quashed at Investigation Stage (Col.21),Cases Stayed at Investigation Stage (Col.22),Cases Pending Investigation at End of the Year (Col.23=Col.7- Col.10- Col.20- Col.21) (Col.23),Chargesheeting Rate (Col.24=Col.19/ Col.20) *100,Pendency Percentage (Col.25=Col.23/ Col.7) *100
1.1,Total Crimes against Tourist Foreigners,Murder,1,5,0,6,0,0,0,0,0,0,0,0,0,0,5,5,5,0,0,1,100,16.7
1.2,Total Crimes against Tourist Foreigners,Culpable Homicide not amounting to Murder,1,2,0,3,0,0,0,0,0,0,0,0,0,1,2,3,3,0,0,0,100,0
1.3,Total Crimes against Tourist Foreigners,Attempt to Commit Murder/Culpable Homicide,1,1,0,2,0,0,0,0,0,0,1,0,1,0,1,1,2,0,0,0,50,0
1.4,Total Crimes against Tourist Foreigners,Simple Hurt,0,2,0,2,0,0,0,0,0,0,0,0,0,0,1,1,1,0,0,1,100,50
1.5,Total Crimes against Tourist Foreigners,Grievous Hurt,2,4,0,6,0,0,0,0,0,0,0,0,0,0,3,3,3,0,2,3,100,50
1.6,Total Crimes against Tourist Foreigners,Assault on Women with Intent to Outrage her Modesty,10,28,0,38,0,0,0,0,0,0,4,0,4,2,12,14,18,0,0,20,77.8,52.6
1.7,Total Crimes against Tourist Foreigners,Kidnapping and Abduction,5,5,0,10,0,0,0,0,0,0,0,0,0,0,0,0,0,0,0,10,NA,100
1.8,Total Crimes against Tourist Foreigners,Human Trafficking,0,2,0,2,0,0,0,0,0,0,0,0,0,0,1,1,1,0,0,1,100,50
1.9,Total Crimes against Tourist Foreigners,Rape,9,24,0,33,0,0,0,0,0,1,2,0,3,2,15,17,20,0,0,13,85,39.4
1.1,Total Crimes against Tourist Foreigners,Theft,118,199,0,317,1,1,0,3,2,5,123,0,133,6,30,36,171,0,0,146,21.1,46.1
1.11,Total Crimes against Tourist Foreigners,Extortion,0,0,0,0,0,0,0,0,0,0,0,0,0,0,0,0,0,0,0,0,NA,NA
1.12,Total Crimes against Tourist Foreigners,Robbery,18,18,0,36,0,0,0,0,0,0,6,0,6,4,9,13,19,0,0,17,68.4,47.2
1.13,Total Crimes against Tourist Foreigners,Dacoity,0,0,0,0,0,0,0,0,0,0,0,0,0,0,0,0,0,0,0,0,NA,NA
1.14,Total Crimes against Tourist Foreigners,Cheating,17,12,0,29,0,0,0,0,0,2,4,0,6,0,3,3,9,0,1,20,33.3,69
1.15,Total Crimes against Tourist Foreigners,Forgery,13,11,0,24,0,0,0,0,0,0,0,0,0,0,4,4,4,0,0,20,100,83.3
1.16,Total Crimes against Tourist Foreigners,Insult to the Modesty of Women,0,1,0,1,0,0,0,0,0,0,0,0,0,0,0,0,0,0,0,1,NA,100
1.17,Total Crimes against Tourist Foreigners,Other IPC Crimes,97,24,0,121,0,0,0,0,0,0,4,0,4,58,5,63,67,0,0,54,94,44.6
1.18,Total Crimes against Tourist Foreigners,Immoral Traffic (Prevention) Act,6,6,0,12,0,0,0,0,0,0,3,0,3,2,4,6,9,0,0,3,66.7,25
1.19,Total Crimes against Tourist Foreigners,Other SLL Crimes,6,2,0,8,0,0,0,0,0,0,0,0,0,0,1,1,1,0,0,7,100,87.5
Total,Total Crimes against Tourist Foreigners,Total Crimes against Tourist Foreigners,304,346,0,650,1,1,0,3,2,8,147,0,160,75,96,171,333,0,3,317,51.4,48.8
2.1,Total Crimes against Other Foreigners,Murder,2,8,0,10,0,1,0,0,0,0,1,0,1,0,5,5,7,0,0,3,71.4,30
2.2,Total Crimes against Other Foreigners,Culpable Homicide not amounting to Murder,0,1,0,1,0,0,0,0,0,0,0,0,0,0,0,0,0,0,0,1,NA,100
2.3,Total Crimes against Other Foreigners,Attempt to Commit Murder/Culpable Homicide,1,6,0,7,0,0,0,0,0,0,0,0,0,0,3,3,3,0,0,4,100,57.1
2.4,Total Crimes against Other Foreigners,Simple Hurt,4,12,0,16,0,0,0,0,0,1,1,0,2,1,8,9,11,0,0,5,81.8,31.3
2.5,Total Crimes against Other Foreigners,Grievous Hurt,0,2,0,2,0,0,0,0,0,0,0,0,0,0,2,2,2,0,0,0,100,0
2.6,Total Crimes against Other Foreigners,Assault on Women with Intent to Outrage her Modesty,8,3,0,11,0,0,0,0,2,0,1,0,3,1,2,3,6,0,0,5,50,45.5
2.7,Total Crimes against Other Foreigners,Kidnapping and Abduction,1,4,0,5,0,0,0,0,1,0,1,0,2,1,2,3,5,0,20,0,60,0
2.8,Total Crimes against Other Foreigners,Human Trafficking,1,0,0,1,0,0,0,0,0,0,0,0,0,1,0,1,1,0,0,0,100,0
2.9,Total Crimes against Other Foreigners,Rape,1,8,0,9,0,0,0,0,0,0,1,0,1,0,5,5,6,0,0,3,83.3,33.3
2.1,Total Crimes against Other Foreigners,Theft,39,35,0,74,0,0,0,0,0,0,30,0,30,0,5,5,35,0,0,39,14.3,52.7
2.11,Total Crimes against Other Foreigners,Extortion,0,1,0,1,0,0,0,0,0,0,0,0,0,0,1,1,1,0,0,0,100,0
2.12,Total Crimes against Other Foreigners,Robbery,2,3,0,5,0,0,0,0,0,0,1,0,1,0,1,1,2,1,0,2,50,40
2.13,Total Crimes against Other Foreigners,Dacoity,0,1,0,1,0,0,0,0,0,0,0,0,0,0,1,1,1,0,0,0,100,0
2.14,Total Crimes against Other Foreigners,Cheating,6,7,0,13,0,0,0,0,0,0,3,0,3,0,2,2,5,0,0,8,40,61.5
2.15,Total Crimes against Other Foreigners,Forgery,12,0,0,12,0,0,0,0,0,0,0,0,0,0,0,0,0,0,0,12,NA,100
2.16,Total Crimes against Other Foreigners,Insult to the Modesty of Women,1,0,0,1,0,0,0,0,0,0,0,0,0,0,0,0,0,0,0,1,NA,100
2.17,Total Crimes against Other Foreigners,Other IPC Crimes,10,26,0,36,0,0,0,0,1,1,4,0,6,0,21,21,27,1,0,8,77.8,22.2
2.18,Total Crimes against Other Foreigners,Immoral Traffic (Prevention) Act,0,1,0,1,0,0,0,0,0,0,0,0,0,0,1,1,1,0,0,0,100,0
2.19,Total Crimes against Other Foreigners,Other SLL Crimes,10,28,0,38,0,0,0,0,0,10,0,0,10,0,14,14,24,0,0,14,58.3,36.8
Total,Total Crimes against Other Foreigners,Total Crimes against Other Foreigners,98,146,0,244,0,1,0,0,4,12,43,0,59,4,73,77,137,2,20,105,56.2,43
Grand Total,Grand Total,Total Crimes against Foreigners,402,492,0,894,1,2,0,3,6,20,190,0,219,79,169,248,470,2,23,422,52.8,47.2
