S. No (Col.1),Category (Col.2),Crime Head (Col.3),Cases Pending Investigation from Previous Year (Col.4),Cases Reported during the year (Col.5),Cases Reopened for Investigation (Col.6),Total Cases for Investigation (Col.7=Col.4+ Col.5+ Col.6),Cases Not Investigated under 157_1_b CRPC (Col.8),Cases Transferred to other State or Agency (Col.9),Cases Withdrawn by the Govt during investigation (Col.10),Final Report - Cases Ended as FR Non Cognizable (Col.11),Final Report - Cases Ended as Final Report False (Col.12),Final Report - Cases Ended as Mistake of Fact or of Law or Civil Dispute (Col.13),Final Report - Cases True but Insufficient Evidence or Untraced or No Clue (Col.14),Final Report - Cases Abated during Investigation (Col.15),Final Report - Total (Col.16=Col.11+ Col.12+ Col.13+ Col.14+ Col.15),Chargesheets Submitted - Cases Chargesheeted Out of Cases from Previous Year (Col.17),Chargesheets Submitted - Cases Chargesheeted Out of Cases during the Year (Col.18),Chargesheets Submitted - Cases Chargesheeted (Col.19=Col.17+ Col.18),Total Cases Disposed Off by Police (Col.20=Col.8+ Col.9+ Col.16+ Col.19),Cases Quashed at Investigation Stage (Col.21),Cases Stayed at Investigation Stage (Col.22),Cases Pending Investigation at End of the Year (Col.23=Col.7- Col.10- Col.20- Col.21),Chargesheeting Rate (Col.24=Col.19/ Col.20) *100,Pendency Percentage (Col.25=Col.23/ Col.7) *100
1.1,Crimes against Tourist Foreigners,Murder,1,8,0,9,0,0,0,0,0,0,1,0,1,0,6,6,7,0,0,2,85.7,22.2
1.2,Crimes against Tourist Foreigners,Culpable Homicide not amounting to Murder,0,1,0,1,0,0,0,0,0,0,0,0,0,0,0,0,0,0,0,1,NA,100
1.3,Crimes against Tourist Foreigners,Attempt to Commit Murder/Culpable Homicide,0,2,0,2,0,0,0,0,0,0,0,0,0,0,2,2,2,0,0,0,100,0
1.4,Crimes against Tourist Foreigners,Simple Hurt,1,7,0,8,0,0,0,0,0,0,1,0,1,0,4,4,5,0,0,3,80,37.5
1.5,Crimes against Tourist Foreigners,Grievous Hurt,3,0,0,3,0,0,0,0,0,0,0,0,0,0,0,0,0,0,0,3,NA,100
1.6,Crimes against Tourist Foreigners,Assault on Women with Intent to Outrage her Modesty,20,39,0,59,0,0,0,0,0,0,2,0,2,5,24,29,31,0,1,28,93.5,47.5
1.7,Crimes against Tourist Foreigners,Kidnapping and Abduction,10,1,0,11,0,0,0,0,1,0,0,0,1,1,1,2,3,0,0,8,66.7,72.7
1.8,Crimes against Tourist Foreigners,Human Trafficking,1,10,0,11,0,0,0,0,0,0,0,0,0,0,7,7,7,0,0,4,100,36.4
1.9,Crimes against Tourist Foreigners,Rape,12,20,0,32,0,0,0,0,0,1,1,0,2,5,10,15,17,0,0,15,88.2,46.9
1.1,Crimes against Tourist Foreigners,Theft,146,239,0,385,0,2,0,1,1,6,125,4,137,1,48,49,188,0,0,197,26.1,51.2
1.11,Crimes against Tourist Foreigners,Extortion,0,0,0,0,0,0,0,0,0,0,0,0,0,0,0,0,0,0,0,0,NA,NA
1.12,Crimes against Tourist Foreigners,Robbery,17,6,0,23,0,0,0,0,0,0,2,0,2,2,2,4,6,0,0,17,66.7,73.9
1.13,Crimes against Tourist Foreigners,Dacoity,0,1,0,1,0,0,0,0,0,0,0,0,0,0,1,1,1,0,0,0,100,0
1.14,Crimes against Tourist Foreigners,Cheating,21,19,0,40,0,0,0,0,0,1,2,0,3,3,4,7,10,0,0,30,70,75
1.15,Crimes against Tourist Foreigners,Forgery,20,12,0,32,0,0,0,0,0,0,0,0,0,0,0,0,0,0,0,32,NA,100
1.16,Crimes against Tourist Foreigners,Insult to the Modesty of Women,1,3,0,4,0,0,0,0,0,0,0,0,0,0,2,2,2,0,0,2,100,50
1.17,Crimes against Tourist Foreigners,Other IPC Crimes,55,20,0,75,0,0,0,0,0,1,11,0,12,5,13,18,30,0,0,45,60,60
1.18,Crimes against Tourist Foreigners,Immoral Traffic (Prevention) Act,3,8,0,11,0,0,0,0,0,0,0,0,0,1,4,5,5,0,0,6,100,54.5
1.19,Crimes against Tourist Foreigners,Other SLL Crimes,6,16,0,22,0,0,0,0,0,7,0,0,7,0,7,7,14,0,0,8,50,36.4
Total,Crimes against Tourist Foreigners,Total Crimes against Tourist Foreigners,317,412,0,729,0,2,0,1,2,16,145,4,168,23,135,158,328,0,1,401,48.2,55
2.1,Crimes against other Foreigners,Murder,3,3,0,6,0,0,0,0,0,0,0,0,0,0,2,2,2,0,0,4,100,66.7
2.2,Crimes against other Foreigners,Culpable Homicide not amounting to Murder,1,0,0,1,0,0,0,0,0,0,0,0,0,1,0,1,1,0,0,0,100,0
2.3,Crimes against other Foreigners,Attempt to Commit Murder/Culpable Homicide,3,0,0,3,0,0,0,0,0,0,1,0,1,0,0,0,1,0,0,2,0,66.7
2.4,Crimes against other Foreigners,Simple Hurt,5,19,0,24,0,0,0,0,0,0,3,0,3,2,19,21,24,0,0,0,87.5,0
2.5,Crimes against other Foreigners,Grievous Hurt,0,1,0,1,0,0,0,0,0,0,1,0,1,0,0,0,1,0,0,0,0,0
2.6,Crimes against other Foreigners,Assault on Women with Intent to Outrage her Modesty,5,13,0,18,0,0,0,0,1,0,2,0,3,2,8,10,13,0,0,5,76.9,27.8
2.7,Crimes against other Foreigners,Kidnapping and Abduction,0,3,0,3,0,0,0,0,0,1,0,0,1,0,2,2,3,0,0,0,66.7,0
2.8,Crimes against other Foreigners,Human Trafficking,0,2,0,2,0,0,0,0,0,0,0,0,0,0,1,1,1,0,0,1,100,50
2.9,Crimes against other Foreigners,Rape,3,7,0,10,0,0,0,0,1,0,0,0,1,2,5,7,8,0,0,2,87.5,20
2.1,Crimes against other Foreigners,Theft,39,20,0,59,0,0,0,0,1,0,37,0,38,0,2,2,40,0,0,19,5,32.2
2.11,Crimes against other Foreigners,Extortion,0,0,0,0,0,0,0,0,0,0,0,0,0,0,0,0,0,0,0,0,NA,NA
2.12,Crimes against other Foreigners,Robbery,2,1,0,3,0,0,0,0,0,0,0,0,0,0,0,0,0,0,0,3,NA,100
2.13,Crimes against other Foreigners,Dacoity,0,0,0,0,0,0,0,0,0,0,0,0,0,0,0,0,0,0,0,0,NA,NA
2.14,Crimes against other Foreigners,Cheating,8,8,0,16,0,0,0,0,0,4,0,0,4,2,3,5,9,0,0,7,55.6,43.8
2.15,Crimes against other Foreigners,Forgery,13,0,0,13,0,0,0,0,0,0,0,0,0,1,0,1,1,0,0,12,100,92.3
2.16,Crimes against other Foreigners,Insult to the Modesty of Women,1,0,0,1,0,0,0,0,0,0,0,0,0,0,0,0,0,0,0,1,NA,100
2.17,Crimes against other Foreigners,Other IPC Crimes,8,7,0,15,0,0,0,0,0,0,4,0,4,1,6,7,11,0,0,4,63.6,26.7
2.18,Crimes against other Foreigners,Immoral Traffic (Prevention) Act,0,4,0,4,0,0,0,0,0,0,0,0,0,0,4,4,4,0,0,0,100,0
2.19,Crimes against other Foreigners,Other SLL Crimes,15,17,0,32,0,0,0,0,0,0,3,0,3,3,12,15,18,0,3,14,83.3,43.8
Total,Crimes against other Foreigners,Total Crimes against other Foreigners,106,105,0,211,0,0,0,0,3,5,51,0,59,14,64,78,137,0,3,74,56.9,35.1
Grand Total,Total Crimes against Foreigners,Total Crimes against Foreigners,423,517,0,940,0,2,0,1,5,21,196,4,227,37,199,236,465,0,4,475,50.8,50.5
