S. No.,Crime Head,Cases Pending Trial from the Previous Year,Cases Sent for Trial during the year,Total Cases for Trial (Col.3+ Col.4),Cases Abated by Court,Cases With-drawn From Prose-cution,Cases Compoun-ded or Compro-mised,Cases Disposed off by Plea Bargaining,Cases Quashed,Cases Disposed off Without Trial (Col.6+ Col.7+ Col.8+ Col.9+ Col.10),Cases Stayed or Sent to Record Room,Cases Convicted Out of Cases from Previous Year,Cases Convicted Out of Cases during the Year,Cases Convicted (Col.13+ Col.14),Cases Discharged,Cases Acquitted,Cases in which Trials were Completed (Col.15+ Col.16+ Col.17),Cases Disposed off by Courts (Col.11+ Col.18),Cases Pending Trial at End of the Year (Col.5 - Col.19),Conviction Rate (Col.15/ Col.18) *100,Pendency Percentage (Col.20/ Col.5) *100
1.1,Murder,22,6,28,0,0,0,0,0,0,0,0,0,0,0,1,1,1,27,0,96.4
1.2,Culpable Homicide not amounting to Murder,3,1,4,0,0,0,0,0,0,0,0,0,0,0,1,1,1,3,0,75
1.3,Attempt to Commit Murder/Culpable Homicide,9,5,14,0,0,0,0,0,0,0,0,1,1,0,0,1,1,13,100,92.9
1.4,Simple Hurt,8,5,13,0,0,0,0,0,0,0,0,0,0,0,1,1,1,12,0,92.3
1.5,Grievous Hurt,5,1,6,0,0,0,0,0,0,0,0,0,0,0,0,0,0,6,NA,100
1.6,Assault on Women with Intent to Outrage her Modesty,79,16,95,0,0,0,0,0,0,0,1,0,1,0,4,5,5,90,20,94.7
1.7,Kidnapping and Abduction,2,2,4,0,0,0,0,0,0,0,0,0,0,0,0,0,0,4,NA,100
1.8,Human Trafficking,8,3,11,0,0,0,0,0,0,0,0,0,0,0,0,0,0,11,NA,100
1.9,Rape,56,12,68,0,0,0,0,0,0,0,1,0,1,0,1,2,2,66,50,97.1
1.1,Theft,83,17,100,0,0,0,0,0,0,0,1,0,1,1,3,5,5,95,20,95
1.11,Extortion,0,1,1,0,0,0,0,0,0,0,0,0,0,0,0,0,0,1,NA,100
1.12,Robbery,37,6,43,0,0,0,0,0,0,0,0,0,0,0,5,5,5,38,0,88.4
1.13,Dacoity,3,1,4,0,0,0,0,0,0,0,0,0,0,0,0,0,0,4,NA,100
1.14,Cheating,15,1,16,0,0,0,0,0,0,0,1,0,1,0,1,2,2,14,50,87.5
1.15,Forgery,19,0,19,0,0,0,0,0,0,0,0,0,0,0,0,0,0,19,NA,100
1.16,Insult to the Modesty of Women,4,2,6,0,0,0,0,0,0,0,0,0,0,0,1,1,1,5,0,83.3
1.17,Other IPC Crimes,87,29,116,0,0,0,0,0,0,0,1,2,3,0,9,12,12,104,25,89.7
1.18,Immoral Traffic (Prevention) Act,13,1,14,0,0,0,0,0,0,0,0,0,0,0,0,0,0,14,NA,100
1.19,Other SLL Crimes,8,2,10,0,0,1,0,0,1,0,0,0,0,0,0,0,1,9,NA,90
Total,Total Crimes against Tourist Foreigners,461,111,572,0,0,1,0,0,1,0,5,3,8,1,27,36,37,535,22.2,93.5
2.1,Murder,12,4,16,0,0,0,0,0,0,0,0,0,0,0,0,0,0,16,NA,100
2.2,Culpable Homicide not amounting to Murder,2,0,2,0,0,0,0,0,0,0,0,0,0,0,0,0,0,2,NA,100
2.3,Attempt to Commit Murder/Culpable Homicide,2,4,6,0,0,0,0,0,0,0,0,0,0,0,0,0,0,6,NA,100
2.4,Simple Hurt,15,6,21,0,0,0,0,0,0,0,0,0,0,0,1,1,1,20,0,95.2
2.5,Grievous Hurt,4,0,4,0,0,0,0,0,0,0,0,0,0,0,0,0,0,4,NA,100
2.6,Assault on Women with Intent to Outrage her Modesty,20,9,29,0,0,0,0,0,0,0,1,0,1,0,0,1,1,28,100,96.6
2.7,Kidnapping and Abduction,4,0,4,0,0,0,0,0,0,0,0,0,0,0,0,0,0,4,NA,100
2.8,Human Trafficking,5,3,8,0,0,0,0,0,0,0,0,0,0,0,1,1,1,7,0,87.5
2.9,Rape,20,4,24,0,0,0,0,0,0,0,0,0,0,0,2,2,2,22,0,91.7
2.1,Theft,9,2,11,0,0,0,0,0,0,0,0,0,0,0,1,1,1,10,0,90.9
2.11,Extortion,2,0,2,0,0,0,0,0,0,0,0,0,0,0,0,0,0,2,NA,100
2.12,Robbery,2,2,4,0,0,0,0,0,0,0,0,0,0,0,0,0,0,4,NA,100
2.13,Dacoity,1,1,2,0,0,0,0,0,0,0,0,0,0,0,0,0,0,2,NA,100
2.14,Cheating,8,2,10,0,0,0,0,0,0,0,0,0,0,0,0,0,0,10,NA,100
2.15,Forgery,13,0,13,0,0,0,0,0,0,0,0,0,0,0,0,0,0,13,NA,100
2.16,Insult to the Modesty of Women,3,0,3,0,0,0,0,0,0,0,0,0,0,0,0,0,0,3,NA,100
2.17,Other IPC Crimes,41,5,46,0,0,0,0,0,0,0,0,0,0,0,1,1,1,45,0,97.8
2.18,Immoral Traffic (Prevention) Act,9,8,17,0,0,0,0,0,0,0,0,0,0,0,0,0,0,17,NA,100
2.19,Other SLL Crimes,23,18,41,0,0,0,0,0,0,0,2,2,4,0,0,4,4,37,100,90.2
Total,Total Crimes against Other Foreigners,195,68,263,0,0,0,0,0,0,0,3,2,5,0,6,11,11,252,45.5,95.8
Grand Total,Total Crimes against Foreigners,656,179,835,0,0,1,0,0,1,0,8,5,13,1,33,47,48,787,27.7,94.3
