Si. No. (Col. 1),Crime Head (Col. 2),Cases Pending Investigation from Previous Year - (Col. 3),Cases Reported during the year - (Col. 4),Cases Reopened for Investigation - (Col. 5),Total Cases for Investigation (Col.3+Col.4+Col.5) - (Col. 6),Cases Not Investigated Under 157_1_b CRPC - (Col. 7),Cases Transferred to Other State or Agency - (Col. 8),Cases Withdrawn by the Govt during Investigation - (Col. 9),Final Report - Cases Ended as FR Non Cognizable - (Col. 10),Final Report - Cases Ended as Final Report False - (Col. 11),Final Report - Cases Ended as Mistake of Fact or of law or Civil Dispute - (Col. 12),Final Report - Cases True but Insufficient Evidence or Untraced or No Clue - (Col. 13),Final Report - Cases Abated during Investigation - (Col. 14),Final Report - Total (Col.10+Col.11+Col.12+Col13+Col.14) - (Col. 15),Charge Sheets Submitted - Cases Charge Sheeted Out of cases frm prv. Year - (Col. 16),Charge Sheets Submitted - Cases Chargesheeted Out of Cases during the year - (Col. 17),Charge Sheets Submitted - Cases Chargesheeted (Col.16+Col.17) - (Col. 18),Total Cases Disposed Off by Police (Col.7+8+15+18) - (Col. 19),Cases Quashed at Investigation Stage - (Col. 20),Cases Stayed at Investigation Stage - (Col. 21),Cases Pending Invsgn.at end of the year (Cols. 6-9- 19-20) - (Col. 22),Chargesheeting Rate (Col.18/19*100) - (Col. 23),Pendency Percentage (Col.22/6*100) - (Col. 24)
1.1,Murder,5,3,0,8,0,0,0,0,0,0,0,0,0,1,2,3,3,0,0,5,100,62.5
1.2,Culpable Homicide not amounting to Murder,1,0,0,1,0,0,0,0,0,0,0,0,0,0,0,0,0,0,0,1,NA,100
1.3,Attempt to Commit Murder/Culpable Homicide,0,6,0,6,0,0,0,0,0,0,0,0,0,0,5,5,5,0,0,1,100,16.7
1.4,Simple Hurt,3,4,0,7,0,0,0,0,0,0,0,0,0,0,1,1,1,0,0,6,100,85.7
1.5,Grievous Hurt,2,0,0,2,0,0,0,0,0,0,0,0,0,0,0,0,0,0,0,2,NA,100
1.6,Assault on Women with Intent to Outrage her Modesty,23,5,0,28,0,0,0,0,0,1,1,0,2,3,2,5,7,0,0,21,71.4,75
1.7,Kidnapping and Abduction,8,2,0,10,0,0,0,0,0,2,0,0,2,0,0,0,2,0,0,8,0,80
1.8,Human Trafficking,6,10,0,16,0,0,0,0,0,0,0,0,0,2,8,10,10,0,0,6,100,37.5
1.9,Rape,12,14,0,26,0,0,0,0,0,0,2,0,2,1,12,13,15,0,0,11,86.7,42.3
1.1,Theft,188,36,0,224,0,1,0,0,0,0,48,0,48,0,3,3,52,0,0,172,5.8,76.8
1.11,Extortion,0,0,0,0,0,0,0,0,0,0,0,0,0,0,0,0,0,0,0,0,NA,NA
1.12,Robbery,19,2,0,21,0,0,0,0,0,0,3,0,3,0,2,2,5,0,0,16,40,76.2
1.13,Dacoity,1,0,0,1,0,0,0,0,0,0,0,0,0,0,0,0,0,0,0,1,NA,100
1.14,Cheating,45,7,0,52,0,0,0,0,0,0,5,0,5,1,0,1,6,0,0,46,16.7,88.5
1.15,Forgery,36,1,0,37,0,0,0,0,0,0,0,0,0,5,0,5,5,0,0,32,100,86.5
1.16,Insult to the Modesty of Women,0,0,0,0,0,0,0,0,0,0,0,0,0,0,0,0,0,0,0,0,NA,NA
1.17,Other IPC Crimes,40,9,0,49,0,0,0,0,0,2,3,0,5,3,5,8,13,0,0,36,61.5,73.5
1.18,Immoral Traffic (Prevention) Act,7,4,0,11,0,0,0,0,0,0,0,0,0,0,2,2,2,0,0,9,100,81.8
1.19,Other SLL Crimes,15,16,0,31,0,0,0,0,0,0,1,0,1,0,4,4,5,0,0,26,80,83.9
Total Crimes against Tourist Foreigners,Total Crimes against Tourist Foreigners,411,119,0,530,0,1,0,0,0,5,63,0,68,16,46,62,131,0,0,399,47.3,75.3
2.1,Murder,4,4,0,8,0,0,0,0,0,0,0,0,0,2,3,5,5,0,0,3,100,37.5
2.2,Culpable Homicide not amounting to Murder,0,1,0,1,0,0,0,0,0,0,0,0,0,0,0,0,0,0,0,1,NA,100
2.3,Attempt to Commit Murder/Culpable Homicide,2,0,0,2,0,0,0,0,0,0,0,0,0,2,0,2,2,0,0,0,100,0
2.4,Simple Hurt,1,11,0,12,0,0,0,0,0,0,0,0,0,0,10,10,10,0,0,2,100,16.7
2.5,Grievous Hurt,0,0,0,0,0,0,0,0,0,0,0,0,0,0,0,0,0,0,0,0,NA,NA
2.6,Assault on Women with Intent to Outrage her Modesty,3,0,0,3,0,0,0,0,0,0,0,0,0,0,0,0,0,0,0,3,NA,100
2.7,Kidnapping and Abduction,1,5,0,6,0,0,0,0,0,0,1,0,1,0,2,2,3,0,0,3,66.7,50
2.8,Human Trafficking,3,3,0,6,0,0,0,0,0,0,0,0,0,2,3,5,5,0,0,1,100,16.7
2.9,Rape,2,2,0,4,0,0,0,0,0,0,1,0,1,0,1,1,2,0,0,2,50,50
2.1,Theft,18,16,0,34,0,0,0,0,0,0,15,0,15,0,2,2,17,0,0,17,11.8,50
2.11,Extortion,0,0,0,0,0,0,0,0,0,0,0,0,0,0,0,0,0,0,0,0,NA,NA
2.12,Robbery,4,2,0,6,0,0,0,0,0,0,2,0,2,0,2,2,4,0,0,2,50,33.3
2.13,Dacoity,0,0,0,0,0,0,0,0,0,0,0,0,0,0,0,0,0,0,0,0,NA,NA
2.14,Cheating,10,7,0,17,0,0,0,0,3,0,2,0,5,1,1,2,7,0,0,10,28.6,58.8
2.15,Forgery,13,0,0,13,0,0,0,0,0,0,0,0,0,1,0,1,1,0,0,12,100,92.3
2.16,Insult to the Modesty of Women,1,0,0,1,0,0,0,0,0,0,0,0,0,0,0,0,0,0,0,1,NA,100
2.17,Other IPC Crimes,4,9,0,13,0,0,0,0,0,0,1,0,1,0,5,5,6,0,0,7,83.3,53.8
2.18,Immoral Traffic (Prevention) Act,5,2,0,7,0,0,0,0,0,0,0,0,0,4,1,5,5,0,0,2,100,28.6
2.19,Other SLL Crimes,17,10,0,27,0,0,0,0,1,0,0,0,1,0,8,8,9,0,0,18,88.9,66.7
Total Crimes against Other Foreigners,Total Crimes against Other Foreigners,88,72,0,160,0,0,0,0,4,0,22,0,26,12,38,50,76,0,0,84,65.8,52.5
Total Crimes against Foreigners,Total Crimes against Foreigners,499,191,0,690,0,1,0,0,4,5,85,0,94,28,84,112,207,0,0,483,54.1,70
