S. No. (Col.1),Category (Col.2),Crime Head (Col.3),Cases Pending Trial from the Previous Year (Col.4),Cases Sent for Trial during the year (Col.5),Total Cases for Trial (Col.6=Col.4+ Col.5),Cases Abated by Court (Col.7),Cases Withdrawn From Prosecution (Col.8),Cases Compounded or Compromised (Col.9),Cases Disposed off by Plea Bargaining (Col.10),Cases Quashed (Col.11),Cases Disposed off Without Trial (Col.12=Col.7+ Col.8+ Col.9+ Col.10+ Col.11),Cases Stayed or Sent to Record Room (Col.13),Cases Convicted Out of Cases from Previous Year (Col.14),Cases Convicted Out of Cases during the Year (Col.15),Cases Convicted (Col.16=Col.14+ Col.15),Cases Discharged (Col.17),Cases Acquitted (Col.18),Cases in which Trials were Completed (Col.19=Col.16+ Col.17+ Col.18),Cases Disposed off by Courts (Col.20=Col.12+ Col.19) (Col.20),Cases Pending Trial at End of the Year (Col.21=Col.6 - Col.20) (Col.21),Conviction Rate (Col.21=Col.16/ Col.19) *100 (Col.22),Pendency Percentage (Col.23=Col.21/ Col.6) *100
1.1,Total Crimes against Tourist Foreigners,Murder,14,5,19,0,0,0,0,0,0,0,0,0,0,0,0,0,0,19,NA,100
1.2,Total Crimes against Tourist Foreigners,Culpable Homicide not amounting to Murder,1,3,4,1,0,0,0,0,1,0,0,0,0,0,0,0,1,3,NA,75
1.3,Total Crimes against Tourist Foreigners,Attempt to Commit Murder/Culpable Homicide,4,1,5,0,0,0,0,0,0,0,0,0,0,0,0,0,0,5,NA,100
1.4,Total Crimes against Tourist Foreigners,Simple Hurt,4,1,5,0,0,0,0,0,0,0,0,0,0,0,0,0,0,5,NA,100
1.5,Total Crimes against Tourist Foreigners,Grievous Hurt,3,3,6,0,0,1,0,0,1,0,0,0,0,0,0,0,1,5,NA,83.3
1.6,Total Crimes against Tourist Foreigners,Assault on Women with Intent to Outrage her Modesty,43,14,57,0,0,0,0,0,0,0,2,1,3,0,1,4,4,53,75,93
1.7,Total Crimes against Tourist Foreigners,Kidnapping and Abduction,0,0,0,0,0,0,0,0,0,0,0,0,0,0,0,0,0,0,NA,NA
1.8,Total Crimes against Tourist Foreigners,Human Trafficking,0,1,1,0,0,0,0,0,0,0,0,0,0,0,0,0,0,1,NA,100
1.9,Total Crimes against Tourist Foreigners,Rape,23,17,40,0,0,0,0,0,0,0,0,0,0,0,0,0,0,40,NA,100
1.1,Total Crimes against Tourist Foreigners,Theft,57,36,93,0,0,4,0,0,4,0,0,0,0,4,1,5,9,84,0,90.3
1.11,Total Crimes against Tourist Foreigners,Extortion,0,0,0,0,0,0,0,0,0,0,0,0,0,0,0,0,0,0,NA,NA
1.12,Total Crimes against Tourist Foreigners,Robbery,22,13,35,0,0,0,0,0,0,0,0,0,0,0,0,0,0,35,NA,100
1.13,Total Crimes against Tourist Foreigners,Dacoity,2,0,2,0,0,0,0,0,0,0,0,0,0,0,0,0,0,2,NA,100
1.14,Total Crimes against Tourist Foreigners,Cheating,7,3,10,0,0,0,0,0,0,0,1,0,1,1,0,2,2,8,50,80
1.15,Total Crimes against Tourist Foreigners,Forgery,16,4,20,0,0,0,0,0,0,0,0,0,0,0,0,0,0,20,NA,100
1.16,Total Crimes against Tourist Foreigners,Insult to the Modesty of Women,3,0,3,0,0,0,0,0,0,0,0,0,0,0,0,0,0,3,NA,100
1.17,Total Crimes against Tourist Foreigners,Other IPC Crimes,75,63,138,0,0,0,0,0,0,0,20,2,22,4,8,34,34,104,64.7,75.4
1.18,Total Crimes against Tourist Foreigners,Immoral Traffic (Prevention) Act,3,6,9,0,0,0,0,0,0,0,0,0,0,0,0,0,0,9,NA,100
1.19,Total Crimes against Tourist Foreigners,Other SLL Crimes,23,1,24,0,0,2,0,0,2,0,0,0,0,0,0,0,2,22,NA,91.7
Total,Total Crimes against Tourist Foreigners,Total Crimes against Tourist Foreigners,300,171,471,1,0,7,0,0,8,0,23,3,26,9,10,45,53,418,57.8,88.7
2.1,Total Crimes against Other Foreigners,Murder,7,5,12,0,0,0,0,0,0,0,1,0,1,0,0,1,1,11,100,91.7
2.2,Total Crimes against Other Foreigners,Culpable Homicide not amounting to Murder,1,0,1,0,0,0,0,0,0,0,0,0,0,0,0,0,0,1,NA,100
2.3,Total Crimes against Other Foreigners,Attempt to Commit Murder/Culpable Homicide,2,3,5,0,0,0,0,0,0,0,0,0,0,0,0,0,0,5,NA,100
2.4,Total Crimes against Other Foreigners,Simple Hurt,1,9,10,0,0,0,0,0,0,0,0,2,2,0,1,3,3,7,66.7,70
2.5,Total Crimes against Other Foreigners,Grievous Hurt,1,2,3,0,0,0,0,0,0,0,0,0,0,0,0,0,0,3,NA,100
2.6,Total Crimes against Other Foreigners,Assault on Women with Intent to Outrage her Modesty,9,3,12,0,0,0,0,0,0,0,0,0,0,0,1,1,1,11,0,91.7
2.7,Total Crimes against Other Foreigners,Kidnapping and Abduction,1,3,4,0,0,0,0,0,0,0,0,1,1,0,0,1,1,3,100,75
2.8,Total Crimes against Other Foreigners,Human Trafficking,2,1,3,0,0,0,0,0,0,0,0,0,0,0,0,0,0,3,NA,100
2.9,Total Crimes against Other Foreigners,Rape,10,5,15,0,0,0,0,0,0,0,1,0,1,0,0,1,1,14,100,93.3
2.1,Total Crimes against Other Foreigners,Theft,3,5,8,0,0,0,0,0,0,0,0,0,0,0,0,0,0,8,NA,100
2.11,Total Crimes against Other Foreigners,Extortion,1,1,2,0,0,0,0,0,0,0,0,0,0,0,0,0,0,2,NA,100
2.12,Total Crimes against Other Foreigners,Robbery,1,1,2,0,0,0,0,0,0,0,0,0,0,0,0,0,0,2,NA,100
2.13,Total Crimes against Other Foreigners,Dacoity,0,1,1,0,0,0,0,0,0,0,0,0,0,0,0,0,0,1,NA,100
2.14,Total Crimes against Other Foreigners,Cheating,3,2,5,0,0,0,0,0,0,0,0,0,0,0,0,0,0,5,NA,100
2.15,Total Crimes against Other Foreigners,Forgery,13,0,13,0,0,0,0,0,0,0,0,0,0,0,0,0,0,13,NA,100
2.16,Total Crimes against Other Foreigners,Insult to the Modesty of Women,3,0,3,0,0,0,0,0,0,0,0,0,0,0,0,0,0,3,NA,100
2.17,Total Crimes against Other Foreigners,Other IPC Crimes,24,21,45,0,0,1,0,0,1,0,0,7,7,0,1,8,9,36,87.5,80
2.18,Total Crimes against Other Foreigners,Immoral Traffic (Prevention) Act,4,1,5,0,0,0,0,0,0,0,0,0,0,0,0,0,0,5,NA,100
2.19,Total Crimes against Other Foreigners,Other SLL Crimes,13,14,27,0,0,0,0,0,0,0,2,7,9,0,0,9,9,18,100,66.7
Total,Total Crimes against Other Foreigners,Total Crimes against Other Foreigners,99,77,176,0,0,1,0,0,1,0,4,17,21,0,3,24,25,151,87.5,85.8
Grand Total,Grand Total,Total Crimes against Foreigners,399,248,647,1,0,8,0,0,9,0,27,20,47,9,13,69,78,569,68.1,87.9
