Si. No. (Col. 1),Crime Head (Col. 2),Cases Pending Trial from the Previous Year - (Col. 3),Cases Sent for Trial during the year - (Col. 4),Total Cases for Trial (Col.3+Col.4) - (Col. 5),Cases Abated by Court - (Col. 6),Cases Withdrawn from Prosecution - (Col. 7),Cases Compounded or Compromised - (Col. 8),Cases Disposed off by Plea Bargaining - (Col. 9),Cases Quashed - (Col. 10),Cases Disposed off without Trail (Col.6+Col.7+Col.8+Col.9+Col.10) - (Col. 11),Cases Stayed or Sent to Record Room - (Col. 12),Cases Convicted Out of Cases from Previous Year - (Col. 13),Cases Convicted Out of Cases during the Year - (Col. 14),Cases Convicted (Col.13+Col.14) - (Col. 15),Cases Discharged - (Col. 16),Cases Acquitted - (Col. 17),Cases which Trials were Completed (Col.15+Col.16+Col.17) - (Col. 18),Cases Disposed off by Courts (Col.11+Col.18) - (Col. 19),Cases Pending Trial at End of the Year (Col.5-Col.19) - (Col. 20),Conviction Rate (Col.15/Col.18)*100 - (Col. 21),Pendency Percentage (Col.20/Col.5)*100 - (Col. 22)
1.1,Murder,27,3,30,0,0,0,0,0,0,0,0,0,0,0,1,1,1,29,0,96.7
1.2,Culpable Homicide not amounting to Murder,3,0,3,0,0,0,0,0,0,0,0,0,0,0,0,0,0,3,NA,100
1.3,Attempt to Commit Murder/Culpable Homicide,13,5,18,0,0,0,0,0,0,0,1,0,1,1,1,3,3,15,33.3,83.3
1.4,Simple Hurt,12,1,13,0,0,0,0,0,0,0,0,0,0,0,0,0,0,13,NA,100
1.5,Grievous Hurt,6,0,6,0,0,0,0,0,0,0,0,0,0,0,0,0,0,6,NA,100
1.6,Assault on Women with Intent to Outrage her Modesty,90,5,95,0,0,0,0,0,0,0,0,1,1,0,0,1,1,94,100,98.9
1.7,Kidnapping and Abduction,4,0,4,0,0,0,0,0,0,0,0,0,0,0,0,0,0,4,NA,100
1.8,Human Trafficking,11,10,21,0,0,0,0,0,0,0,0,1,1,0,0,1,1,20,100,95.2
1.9,Rape,66,13,79,0,0,0,0,1,1,0,1,0,1,0,1,2,3,76,50,96.2
1.1,Theft,100,3,103,0,0,0,0,0,0,0,1,0,1,0,6,7,7,96,14.3,93.2
1.11,Extortion,1,0,1,0,0,0,0,0,0,0,0,0,0,0,0,0,0,1,NA,100
1.12,Robbery,38,2,40,0,0,0,0,0,0,0,0,0,0,0,0,0,0,40,NA,100
1.13,Dacoity,4,0,4,0,0,0,0,0,0,0,0,0,0,0,0,0,0,4,NA,100
1.14,Cheating,16,1,17,0,0,0,0,0,0,0,0,0,0,0,0,0,0,17,NA,100
1.15,Forgery,19,5,24,0,0,0,0,0,0,0,0,0,0,0,0,0,0,24,NA,100
1.16,Insult to the Modesty of Women,5,0,5,0,0,0,0,0,0,0,0,0,0,0,0,0,0,5,NA,100
1.17,Other IPC Crimes,104,8,112,0,0,0,0,0,0,0,2,3,5,1,8,14,14,98,35.7,87.5
1.18,Immoral Traffic (Prevention) Act,14,2,16,0,0,0,0,0,0,0,0,0,0,0,0,0,0,16,NA,100
1.19,Other SLL Crimes,9,4,13,0,0,0,0,0,0,0,0,2,2,0,0,2,2,11,100,84.6
Total Crimes against Tourist Foreigners,Total Crimes against Tourist Foreigners,542,62,604,0,0,0,0,1,1,0,5,7,12,2,17,31,32,572,38.7,94.7
2.1,Murder,16,5,21,0,0,0,0,0,0,0,0,0,0,0,0,0,0,21,NA,100
2.2,Culpable Homicide not amounting to Murder,2,0,2,0,0,0,0,0,0,0,0,0,0,0,0,0,0,2,NA,100
2.3,Attempt to Commit Murder/Culpable Homicide,6,2,8,0,0,0,0,0,0,0,0,0,0,0,0,0,0,8,NA,100
2.4,Simple Hurt,20,10,30,0,0,0,0,0,0,0,1,3,4,0,2,6,6,24,66.7,80
2.5,Grievous Hurt,4,0,4,0,0,0,0,0,0,0,0,0,0,0,0,0,0,4,NA,100
2.6,Assault on Women with Intent to Outrage her Modesty,28,0,28,0,0,0,0,0,0,0,0,0,0,0,0,0,0,28,NA,100
2.7,Kidnapping and Abduction,4,2,6,0,0,0,0,0,0,0,0,0,0,0,0,0,0,6,NA,100
2.8,Human Trafficking,7,5,12,0,0,0,0,0,0,0,0,0,0,0,0,0,0,12,NA,100
2.9,Rape,22,1,23,0,0,0,0,0,0,0,0,0,0,0,0,0,0,23,NA,100
2.1,Theft,10,2,12,0,0,0,0,0,0,0,0,0,0,0,0,0,0,12,NA,100
2.11,Extortion,2,0,2,0,0,0,0,0,0,0,0,0,0,0,0,0,0,2,NA,100
2.12,Robbery,4,2,6,0,0,0,0,0,0,0,0,0,0,0,0,0,0,6,NA,100
2.13,Dacoity,2,0,2,0,0,0,0,0,0,0,0,0,0,0,0,0,0,2,NA,100
2.14,Cheating,10,2,12,0,0,0,0,0,0,0,0,0,0,0,0,0,0,12,NA,100
2.15,Forgery,13,1,14,0,0,0,0,0,0,0,0,0,0,0,0,0,0,14,NA,100
2.16,Insult to the Modesty of Women,3,0,3,0,0,0,0,0,0,0,0,0,0,0,0,0,0,3,NA,100
2.17,Other IPC Crimes,45,5,50,0,0,0,0,0,0,0,0,0,0,0,0,0,0,50,NA,100
2.18,Immoral Traffic (Prevention) Act,17,5,22,0,0,0,0,0,0,0,0,0,0,0,4,4,4,18,0,81.8
2.19,Other SLL Crimes,38,8,46,0,0,0,0,0,0,0,0,2,2,0,1,3,3,43,66.7,93.5
Total Crimes against Other Foreigners,Total Crimes against Other Foreigners,253,50,303,0,0,0,0,0,0,0,1,5,6,0,7,13,13,290,46.2,95.7
Total Crimes against Foreigners,Total Crimes against Foreigners,795,112,907,0,0,0,0,1,1,0,6,12,18,2,24,44,45,862,40.9,95
