S.No.,Crime Head,Cases Pending Investigation from Previous Year,Cases Reported during the year,Cases Reopened for Investigation,Total Cases for Investigation (Col.3+ Col.4+ Col.5),Cases Not Investigated Under 157_1_b CRPC,Cases Transferred to other State or Agency,Cases Withdrawn by the Govt during Investigation,Final Report - Cases Ended as FR Non Cognizable,Final Report - Cases Ended as Final Report False,Final Report - Cases Ended as Mistake of Fact or of Law or Civil Dispute,Final Report - Cases True but Insufficient Evidence or Untraced or No Clue,Final Report - Cases Abated during Investigation,Final Report - Total (Col.10+ Col.11+ Col.12+ Col.13+ Col.14),Chargesheets submitted - Cases Chargesheeted Out of Cases from Previous Year,Chargesheets submitted - Cases Chargesheeted Out of Cases during the Year,Chargesheets submitted - Cases Chargesheeted (Col.16+ Col.17),Total Cases Disposed Off by Police (Col.7+ Col.8+ Col.15+ Col.18),Cases Quashed at Investigation Stage,Cases Stayed at Investigation Stage,Cases Pending Investigation at End of the Year (Col.6- Col.9- Col.19- Col.20),Charge-Sheeting Rate (Col.18/ Col.19) *100,Pendency Percentage (Col.22/ Col.6) *100
1.1,Murder,2,9,0,11,0,0,0,0,0,0,0,0,0,0,6,6,6,0,0,5,100,45.5
1.2,Culpable Homicide not amounting to Murder,1,1,0,2,0,0,0,0,0,0,0,0,0,0,1,1,1,0,0,1,100,50
1.3,Attempt to Commit Murder/Culpable Homicide,0,5,0,5,0,0,0,0,0,0,0,0,0,1,4,5,5,0,0,0,100,0
1.4,Simple Hurt,3,5,0,8,0,0,0,0,0,0,0,0,0,2,3,5,5,0,0,3,100,37.5
1.5,Grievous Hurt,3,1,0,4,0,0,0,0,0,0,1,0,1,1,0,1,2,0,0,2,50,50
1.6,Assault on Women with Intent to Outrage her Modesty,28,17,0,45,0,0,0,0,0,2,4,0,6,6,10,16,22,0,0,23,72.7,51.1
1.7,Kidnapping and Abduction,8,3,0,11,0,0,0,0,0,0,1,0,1,0,2,2,3,0,0,8,66.7,72.7
1.8,Human Trafficking,4,6,0,10,0,0,0,0,0,0,1,0,1,2,1,3,4,0,0,6,75,60
1.9,Rape,16,8,0,24,0,0,0,0,0,0,1,0,1,6,6,12,13,0,0,11,92.3,45.8
1.1,Theft,193,115,0,308,0,0,0,0,1,3,97,0,101,0,17,17,118,0,0,190,14.4,61.7
1.11,Extortion,0,1,0,1,0,0,0,0,0,0,0,0,0,0,1,1,1,0,0,0,100,0
1.12,Robbery,17,10,0,27,0,0,0,0,0,0,2,0,2,2,4,6,8,0,0,19,75,70.4
1.13,Dacoity,0,2,0,2,0,0,0,0,0,0,0,0,0,1,0,1,1,0,0,1,100,50
1.14,Cheating,28,28,0,56,0,0,0,0,0,0,8,0,8,0,1,1,9,0,0,47,11.1,83.9
1.15,Forgery,31,5,0,36,0,0,0,0,0,0,0,0,0,0,0,0,0,0,0,36,NA,100
1.16,Insult to the Modesty of Women,2,1,0,3,0,0,0,0,0,1,0,0,1,1,1,2,3,0,0,0,66.7,0
1.17,Other IPC Crimes,44,40,0,84,0,0,0,0,0,2,11,2,15,12,17,29,44,0,0,40,65.9,47.6
1.18,Immoral Traffic (Prevention) Act,6,2,0,8,0,0,0,0,0,0,0,0,0,0,1,1,1,0,0,7,100,87.5
1.19,Other SLL Crimes,6,11,0,17,0,0,0,0,0,0,0,0,0,0,2,2,2,0,0,15,100,88.2
Total,Total Crimes against Tourist Foreigners,392,270,0,662,0,0,0,0,1,8,126,2,137,34,77,111,248,0,0,414,44.8,62.5
2.1,Murder,4,4,0,8,0,0,0,0,0,0,0,0,0,1,3,4,4,0,0,4,100,50
2.2,Culpable Homicide not amounting to Murder,0,0,0,0,0,0,0,0,0,0,0,0,0,0,0,0,0,0,0,0,NA,NA
2.3,Attempt to Commit Murder/Culpable Homicide,2,4,0,6,0,0,0,0,0,0,0,0,0,1,3,4,4,0,0,2,100,33.3
2.4,Simple Hurt,0,9,0,9,0,0,0,0,0,0,2,0,2,0,6,6,8,0,0,1,75,11.1
2.5,Grievous Hurt,0,1,0,1,0,0,0,0,0,0,1,0,1,0,0,0,1,0,0,0,0,0
2.6,Assault on Women with Intent to Outrage her Modesty,5,9,0,14,0,0,0,0,0,1,1,0,2,0,9,9,11,0,0,3,81.8,21.4
2.7,Kidnapping and Abduction,0,2,0,2,0,0,0,0,0,1,0,0,1,0,0,0,1,0,0,1,0,50
2.8,Human Trafficking,1,5,0,6,0,0,0,0,0,0,0,0,0,0,3,3,3,0,0,3,100,50
2.9,Rape,2,4,0,6,0,0,0,0,0,0,0,0,0,1,3,4,4,0,0,2,100,33.3
2.1,Theft,18,27,0,45,0,0,0,0,0,0,24,0,24,0,2,2,26,0,0,19,7.7,42.2
2.11,Extortion,0,0,0,0,0,0,0,0,0,0,0,0,0,0,0,0,0,0,0,0,NA,NA
2.12,Robbery,3,5,0,8,0,0,0,0,1,0,1,0,2,0,2,2,4,0,0,4,50,50
2.13,Dacoity,0,1,0,1,0,0,0,0,0,0,0,0,0,0,1,1,1,0,0,0,100,0
2.14,Cheating,7,13,0,20,0,0,0,0,1,0,6,0,7,0,2,2,9,1,0,10,22.2,50
2.15,Forgery,12,1,0,13,0,0,0,0,0,0,0,0,0,0,0,0,0,0,0,13,NA,100
2.16,Insult to the Modesty of Women,1,0,0,1,0,0,0,0,0,0,0,0,0,0,0,0,0,0,0,1,NA,100
2.17,Other IPC Crimes,4,14,0,18,0,0,0,0,1,0,8,0,9,1,4,5,14,0,0,4,35.7,22.2
2.18,Immoral Traffic (Prevention) Act,0,13,0,13,0,0,0,0,0,0,0,0,0,0,8,8,8,0,0,5,100,38.5
2.19,Other SLL Crimes,14,27,0,41,0,0,0,0,2,0,3,0,5,5,13,18,23,0,0,18,78.3,43.9
Total,Total Crimes against other Foreigners,73,139,0,212,0,0,0,0,5,2,46,0,53,9,59,68,121,1,0,90,56.2,42.5
Grand Total,Total Crimes against Foreigners,465,409,0,874,0,0,0,0,6,10,172,2,190,43,136,179,369,1,0,504,48.5,57.7
